      1 /home/runner/work/Mybatis-PageHelper/Mybatis-PageHelper/.git/;config;
      1 /home/runner/work/Mybatis-PageHelper/Mybatis-PageHelper/.github/workflows/;script.py;
      1 /home/runner/work/Mybatis-PageHelper/Mybatis-PageHelper/.git/info/
      1 /home/runner/work/Mybatis-PageHelper/Mybatis-PageHelper/.git/objects/pack/;pack-480c752e88f1b9444900608d5f0f662e84db51de.pack;
      1 /home/runner/work/Mybatis-PageHelper/Mybatis-PageHelper/.git/;shallow.lock;
      1 /home/runner/work/Mybatis-PageHelper/Mybatis-PageHelper/optimizing-ci-builds-ci-analysis/;files.csv;
      1 /home/runner/work/Mybatis-PageHelper/Mybatis-PageHelper/;pom.xml;
    185 /home/runner/work/Mybatis-PageHelper/Mybatis-PageHelper/src/
     73 /home/runner/work/Mybatis-PageHelper/Mybatis-PageHelper/target/classes/
      1 /home/runner/work/Mybatis-PageHelper/Mybatis-PageHelper/target/maven-archiver/
      3 /home/runner/work/Mybatis-PageHelper/Mybatis-PageHelper/target/surefire/
      3 /home/runner/work/Mybatis-PageHelper/Mybatis-PageHelper/target/test-classes/com/github/pagehelper/mapper/
      8 /home/runner/work/Mybatis-PageHelper/Mybatis-PageHelper/target/test-classes/com/github/pagehelper/model/
      1 /home/runner/work/Mybatis-PageHelper/Mybatis-PageHelper/target/test-classes/com/github/pagehelper/rowbounds/;RowBoundsHelper.class;
      1 /home/runner/work/Mybatis-PageHelper/Mybatis-PageHelper/target/test-classes/com/github/pagehelper/rowbounds/test/;PageRowBoundsTest.class;
      1 /home/runner/work/Mybatis-PageHelper/Mybatis-PageHelper/target/test-classes/com/github/pagehelper/rowbounds/test/;RowBoundsTest.class;
      3 /home/runner/work/Mybatis-PageHelper/Mybatis-PageHelper/target/test-classes/com/github/pagehelper/sql/
      1 /home/runner/work/Mybatis-PageHelper/Mybatis-PageHelper/target/test-classes/com/github/pagehelper/test/basic/annotations/
      1 /home/runner/work/Mybatis-PageHelper/Mybatis-PageHelper/target/test-classes/com/github/pagehelper/test/basic/;ArgumentsMapTest.class;
      1 /home/runner/work/Mybatis-PageHelper/Mybatis-PageHelper/target/test-classes/com/github/pagehelper/test/basic/;ArgumentsObjTest.class;
      1 /home/runner/work/Mybatis-PageHelper/Mybatis-PageHelper/target/test-classes/com/github/pagehelper/test/basic/cache/;CacheTest$CacheThread.class;
      1 /home/runner/work/Mybatis-PageHelper/Mybatis-PageHelper/target/test-classes/com/github/pagehelper/test/basic/cache/;CacheTest.class;
      1 /home/runner/work/Mybatis-PageHelper/Mybatis-PageHelper/target/test-classes/com/github/pagehelper/test/basic/cache/;SecondCacheTest.class;
      1 /home/runner/work/Mybatis-PageHelper/Mybatis-PageHelper/target/test-classes/com/github/pagehelper/test/basic/;CloseableTest.class;
      1 /home/runner/work/Mybatis-PageHelper/Mybatis-PageHelper/target/test-classes/com/github/pagehelper/test/basic/;CollectionMapTest.class;
      2 /home/runner/work/Mybatis-PageHelper/Mybatis-PageHelper/target/test-classes/com/github/pagehelper/test/basic/count/
      1 /home/runner/work/Mybatis-PageHelper/Mybatis-PageHelper/target/test-classes/com/github/pagehelper/test/basic/;CountColumnTest.class;
      1 /home/runner/work/Mybatis-PageHelper/Mybatis-PageHelper/target/test-classes/com/github/pagehelper/test/basic/dynamic/;CacheTest$CacheThread.class;
      1 /home/runner/work/Mybatis-PageHelper/Mybatis-PageHelper/target/test-classes/com/github/pagehelper/test/basic/dynamic/;CacheTest.class;
      1 /home/runner/work/Mybatis-PageHelper/Mybatis-PageHelper/target/test-classes/com/github/pagehelper/test/basic/dynamic/;TestDynamicChoose.class;
      1 /home/runner/work/Mybatis-PageHelper/Mybatis-PageHelper/target/test-classes/com/github/pagehelper/test/basic/dynamic/;TestDynamicForeach.class;
      1 /home/runner/work/Mybatis-PageHelper/Mybatis-PageHelper/target/test-classes/com/github/pagehelper/test/basic/dynamic/;TestDynamicIf2.class;
      1 /home/runner/work/Mybatis-PageHelper/Mybatis-PageHelper/target/test-classes/com/github/pagehelper/test/basic/dynamic/;TestDynamicIf.class;
      1 /home/runner/work/Mybatis-PageHelper/Mybatis-PageHelper/target/test-classes/com/github/pagehelper/test/basic/dynamic/;TestDynamicIfOrder.class;
      1 /home/runner/work/Mybatis-PageHelper/Mybatis-PageHelper/target/test-classes/com/github/pagehelper/test/basic/dynamic/;TestDynamicIfTwoList.class;
      1 /home/runner/work/Mybatis-PageHelper/Mybatis-PageHelper/target/test-classes/com/github/pagehelper/test/basic/dynamic/;TestDynamicWhere.class;
      1 /home/runner/work/Mybatis-PageHelper/Mybatis-PageHelper/target/test-classes/com/github/pagehelper/test/basic/dynamic/;Where.class;
      1 /home/runner/work/Mybatis-PageHelper/Mybatis-PageHelper/target/test-classes/com/github/pagehelper/test/basic/;EnumTest.class;
      1 /home/runner/work/Mybatis-PageHelper/Mybatis-PageHelper/target/test-classes/com/github/pagehelper/test/basic/example/
      1 /home/runner/work/Mybatis-PageHelper/Mybatis-PageHelper/target/test-classes/com/github/pagehelper/test/basic/;IPageTest$UserIPage.class;
      1 /home/runner/work/Mybatis-PageHelper/Mybatis-PageHelper/target/test-classes/com/github/pagehelper/test/basic/;IPageTest.class;
      1 /home/runner/work/Mybatis-PageHelper/Mybatis-PageHelper/target/test-classes/com/github/pagehelper/test/basic/;OffsetTest.class;
      1 /home/runner/work/Mybatis-PageHelper/Mybatis-PageHelper/target/test-classes/com/github/pagehelper/test/basic/;PageHelperTest.class;
      1 /home/runner/work/Mybatis-PageHelper/Mybatis-PageHelper/target/test-classes/com/github/pagehelper/test/basic/;PageInfoTest.class;
      5 /home/runner/work/Mybatis-PageHelper/Mybatis-PageHelper/target/test-classes/com/github/pagehelper/test/basic/parameter/
      7 /home/runner/work/Mybatis-PageHelper/Mybatis-PageHelper/target/test-classes/com/github/pagehelper/test/basic/provider/
      1 /home/runner/work/Mybatis-PageHelper/Mybatis-PageHelper/target/test-classes/com/github/pagehelper/test/basic/;RemoveOrderTest.class;
      4 /home/runner/work/Mybatis-PageHelper/Mybatis-PageHelper/target/test-classes/com/github/pagehelper/test/basic/sql/
      1 /home/runner/work/Mybatis-PageHelper/Mybatis-PageHelper/target/test-classes/com/github/pagehelper/test/basic/;TestDistinct.class;
      1 /home/runner/work/Mybatis-PageHelper/Mybatis-PageHelper/target/test-classes/com/github/pagehelper/test/basic/;TestExecute.class;
      1 /home/runner/work/Mybatis-PageHelper/Mybatis-PageHelper/target/test-classes/com/github/pagehelper/test/basic/;TestIntMax.class;
      1 /home/runner/work/Mybatis-PageHelper/Mybatis-PageHelper/target/test-classes/com/github/pagehelper/test/basic/;TestISelect$1.class;
      1 /home/runner/work/Mybatis-PageHelper/Mybatis-PageHelper/target/test-classes/com/github/pagehelper/test/basic/;TestISelect$2.class;
      1 /home/runner/work/Mybatis-PageHelper/Mybatis-PageHelper/target/test-classes/com/github/pagehelper/test/basic/;TestISelect$3.class;
      1 /home/runner/work/Mybatis-PageHelper/Mybatis-PageHelper/target/test-classes/com/github/pagehelper/test/basic/;TestISelect.class;
      1 /home/runner/work/Mybatis-PageHelper/Mybatis-PageHelper/target/test-classes/com/github/pagehelper/test/basic/;TestLike.class;
      1 /home/runner/work/Mybatis-PageHelper/Mybatis-PageHelper/target/test-classes/com/github/pagehelper/test/basic/;TestNamespaceMap.class;
      6 /home/runner/work/Mybatis-PageHelper/Mybatis-PageHelper/target/test-classes/com/github/pagehelper/test/features/
      1 /home/runner/work/Mybatis-PageHelper/Mybatis-PageHelper/target/test-classes/com/github/pagehelper/test/namespace/
      2 /home/runner/work/Mybatis-PageHelper/Mybatis-PageHelper/target/test-classes/com/github/pagehelper/test/pagesize/
      1 /home/runner/work/Mybatis-PageHelper/Mybatis-PageHelper/target/test-classes/com/github/pagehelper/test/reasonable/
      2 /home/runner/work/Mybatis-PageHelper/Mybatis-PageHelper/target/test-classes/com/github/pagehelper/test/rowbounds/
      9 /home/runner/work/Mybatis-PageHelper/Mybatis-PageHelper/target/test-classes/com/github/pagehelper/util/
      7 /home/runner/work/Mybatis-PageHelper/Mybatis-PageHelper/target/test-classes/hsqldb/
      1 /home/runner/work/Mybatis-PageHelper/Mybatis-PageHelper/target/test-classes/;log4j.properties;
      1 /home/runner/work/Mybatis-PageHelper/Mybatis-PageHelper/target/test-classes/;test.properties;
