      1 /home/runner/work/dynamic-datasource-spring-boot-starter/dynamic-datasource-spring-boot-starter/;CODE_OF_CONDUCT.md;
      1 /home/runner/work/dynamic-datasource-spring-boot-starter/dynamic-datasource-spring-boot-starter/;CONTRIBUTING.md;
      1 /home/runner/work/dynamic-datasource-spring-boot-starter/dynamic-datasource-spring-boot-starter/.git/;config.lock;
      1 /home/runner/work/dynamic-datasource-spring-boot-starter/dynamic-datasource-spring-boot-starter/.git/;description;
      1 /home/runner/work/dynamic-datasource-spring-boot-starter/dynamic-datasource-spring-boot-starter/.git/;FETCH_HEAD;
      1 /home/runner/work/dynamic-datasource-spring-boot-starter/dynamic-datasource-spring-boot-starter/.git/;HEAD.lock;
     13 /home/runner/work/dynamic-datasource-spring-boot-starter/dynamic-datasource-spring-boot-starter/.git/hooks/
      1 /home/runner/work/dynamic-datasource-spring-boot-starter/dynamic-datasource-spring-boot-starter/.github/;FUNDING.yml;
      1 /home/runner/work/dynamic-datasource-spring-boot-starter/dynamic-datasource-spring-boot-starter/.github/workflows/;codeql-analysis.yml;
      1 /home/runner/work/dynamic-datasource-spring-boot-starter/dynamic-datasource-spring-boot-starter/.github/workflows/;maven.yml;
      1 /home/runner/work/dynamic-datasource-spring-boot-starter/dynamic-datasource-spring-boot-starter/;.gitignore;
      1 /home/runner/work/dynamic-datasource-spring-boot-starter/dynamic-datasource-spring-boot-starter/.git/;index.lock;
      1 /home/runner/work/dynamic-datasource-spring-boot-starter/dynamic-datasource-spring-boot-starter/.git/logs/
      1 /home/runner/work/dynamic-datasource-spring-boot-starter/dynamic-datasource-spring-boot-starter/.git/objects/;maintenance.lock;
      1 /home/runner/work/dynamic-datasource-spring-boot-starter/dynamic-datasource-spring-boot-starter/.git/objects/pack/;pack-5541cc5f26089260b60fca5c10412ee414af7dfc.idx;
      1 /home/runner/work/dynamic-datasource-spring-boot-starter/dynamic-datasource-spring-boot-starter/.git/objects/pack/;pack-5541cc5f26089260b60fca5c10412ee414af7dfc.keep;
      1 /home/runner/work/dynamic-datasource-spring-boot-starter/dynamic-datasource-spring-boot-starter/.git/objects/pack/;tmp_idx_ULUwmZ;
      1 /home/runner/work/dynamic-datasource-spring-boot-starter/dynamic-datasource-spring-boot-starter/.git/objects/pack/;tmp_pack_Q8DQ9k;
      1 /home/runner/work/dynamic-datasource-spring-boot-starter/dynamic-datasource-spring-boot-starter/.git/;tBgGpvB;
      1 /home/runner/work/dynamic-datasource-spring-boot-starter/dynamic-datasource-spring-boot-starter/;ISSUE_TEMPLATE;
      1 /home/runner/work/dynamic-datasource-spring-boot-starter/dynamic-datasource-spring-boot-starter/;LICENSE;
      1 /home/runner/work/dynamic-datasource-spring-boot-starter/dynamic-datasource-spring-boot-starter/;license.txt;
      1 /home/runner/work/dynamic-datasource-spring-boot-starter/dynamic-datasource-spring-boot-starter/optimizing-ci-builds-ci-analysis/;directories.txt;
      1 /home/runner/work/dynamic-datasource-spring-boot-starter/dynamic-datasource-spring-boot-starter/optimizing-ci-builds-ci-analysis/;inotify-logs.csv;
     10 /home/runner/work/dynamic-datasource-spring-boot-starter/dynamic-datasource-spring-boot-starter/optimizing-ci-builds-ci-analysis/step-details/
      1 /home/runner/work/dynamic-datasource-spring-boot-starter/dynamic-datasource-spring-boot-starter/optimizing-ci-builds-ci-analysis/;steps.csv;
      1 /home/runner/work/dynamic-datasource-spring-boot-starter/dynamic-datasource-spring-boot-starter/optimizing-ci-builds-ci-analysis/;useful.csv;
      1 /home/runner/work/dynamic-datasource-spring-boot-starter/dynamic-datasource-spring-boot-starter/;PULL_REQUEST_TEMPLATE;
      1 /home/runner/work/dynamic-datasource-spring-boot-starter/dynamic-datasource-spring-boot-starter/;README.md;
      1 /home/runner/work/dynamic-datasource-spring-boot-starter/dynamic-datasource-spring-boot-starter/target/;dynamic-datasource-spring-boot-starter-3.5.2.jar;
      2 /home/runner/work/dynamic-datasource-spring-boot-starter/dynamic-datasource-spring-boot-starter/target/maven-status/
