      1 /home/runner/work/Mybatis-PageHelper/Mybatis-PageHelper/.git/;config.lock;
      1 /home/runner/work/Mybatis-PageHelper/Mybatis-PageHelper/.git/;description;
      1 /home/runner/work/Mybatis-PageHelper/Mybatis-PageHelper/.git/;FETCH_HEAD;
      1 /home/runner/work/Mybatis-PageHelper/Mybatis-PageHelper/.git/;HEAD.lock;
     13 /home/runner/work/Mybatis-PageHelper/Mybatis-PageHelper/.git/hooks/
      1 /home/runner/work/Mybatis-PageHelper/Mybatis-PageHelper/.github/;FUNDING.yml;
      1 /home/runner/work/Mybatis-PageHelper/Mybatis-PageHelper/.github/;issue_template.md;
      1 /home/runner/work/Mybatis-PageHelper/Mybatis-PageHelper/.github/workflows/;pull-request.yml;
      1 /home/runner/work/Mybatis-PageHelper/Mybatis-PageHelper/.github/workflows/;release.yml;
      1 /home/runner/work/Mybatis-PageHelper/Mybatis-PageHelper/;.gitignore;
      1 /home/runner/work/Mybatis-PageHelper/Mybatis-PageHelper/.git/;index.lock;
      1 /home/runner/work/Mybatis-PageHelper/Mybatis-PageHelper/.git/logs/
      1 /home/runner/work/Mybatis-PageHelper/Mybatis-PageHelper/.git/objects/;maintenance.lock;
      1 /home/runner/work/Mybatis-PageHelper/Mybatis-PageHelper/.git/objects/pack/;pack-480c752e88f1b9444900608d5f0f662e84db51de.idx;
      1 /home/runner/work/Mybatis-PageHelper/Mybatis-PageHelper/.git/objects/pack/;pack-480c752e88f1b9444900608d5f0f662e84db51de.keep;
      1 /home/runner/work/Mybatis-PageHelper/Mybatis-PageHelper/.git/objects/pack/;tmp_idx_EKeq0r;
      1 /home/runner/work/Mybatis-PageHelper/Mybatis-PageHelper/.git/objects/pack/;tmp_pack_zjlHyF;
      1 /home/runner/work/Mybatis-PageHelper/Mybatis-PageHelper/.git/;tLbyNt0;
      1 /home/runner/work/Mybatis-PageHelper/Mybatis-PageHelper/;LICENSE;
      1 /home/runner/work/Mybatis-PageHelper/Mybatis-PageHelper/;logo.png;
      1 /home/runner/work/Mybatis-PageHelper/Mybatis-PageHelper/;logo.svg;
      1 /home/runner/work/Mybatis-PageHelper/Mybatis-PageHelper/optimizing-ci-builds-ci-analysis/;directories.txt;
      1 /home/runner/work/Mybatis-PageHelper/Mybatis-PageHelper/optimizing-ci-builds-ci-analysis/;inotify-logs.csv;
      1 /home/runner/work/Mybatis-PageHelper/Mybatis-PageHelper/optimizing-ci-builds-ci-analysis/;job.csv;
     11 /home/runner/work/Mybatis-PageHelper/Mybatis-PageHelper/optimizing-ci-builds-ci-analysis/step-details/
      1 /home/runner/work/Mybatis-PageHelper/Mybatis-PageHelper/optimizing-ci-builds-ci-analysis/;steps.csv;
      1 /home/runner/work/Mybatis-PageHelper/Mybatis-PageHelper/optimizing-ci-builds-ci-analysis/;useful.csv;
      1 /home/runner/work/Mybatis-PageHelper/Mybatis-PageHelper/;README.md;
      1 /home/runner/work/Mybatis-PageHelper/Mybatis-PageHelper/;README_zh.md;
      4 /home/runner/work/Mybatis-PageHelper/Mybatis-PageHelper/target/maven-status/
      1 /home/runner/work/Mybatis-PageHelper/Mybatis-PageHelper/target/;pagehelper-5.3.1.jar;
    110 /home/runner/work/Mybatis-PageHelper/Mybatis-PageHelper/target/surefire-reports/
      1 /home/runner/work/Mybatis-PageHelper/Mybatis-PageHelper/target/test-classes/com/github/pagehelper/rowbounds/test/;PageRowBoundsTest$IdBean.class;
      1 /home/runner/work/Mybatis-PageHelper/Mybatis-PageHelper/target/test-classes/com/github/pagehelper/rowbounds/test/;RowBoundsTest$IdBean.class;
      1 /home/runner/work/Mybatis-PageHelper/Mybatis-PageHelper/target/test-classes/com/github/pagehelper/test/basic/cache/;CacheTest$1.class;
      1 /home/runner/work/Mybatis-PageHelper/Mybatis-PageHelper/target/test-classes/com/github/pagehelper/test/basic/dynamic/;CacheTest$1.class;
      5 /home/runner/work/Mybatis-PageHelper/Mybatis-PageHelper/target/test-classes/db2/
      5 /home/runner/work/Mybatis-PageHelper/Mybatis-PageHelper/target/test-classes/derby/
      4 /home/runner/work/Mybatis-PageHelper/Mybatis-PageHelper/target/test-classes/mariadb/
      6 /home/runner/work/Mybatis-PageHelper/Mybatis-PageHelper/target/test-classes/mysql/
      5 /home/runner/work/Mybatis-PageHelper/Mybatis-PageHelper/target/test-classes/oracle/
      5 /home/runner/work/Mybatis-PageHelper/Mybatis-PageHelper/target/test-classes/postgresql/
      4 /home/runner/work/Mybatis-PageHelper/Mybatis-PageHelper/target/test-classes/sqlserver/
      9 /home/runner/work/Mybatis-PageHelper/Mybatis-PageHelper/wikis/
