/home/runner/work/socket.io-client-java/socket.io-client-java/.git/hooks/;pre-receive.sample;
/home/runner/work/socket.io-client-java/socket.io-client-java/.git/hooks/;post-update.sample;
/home/runner/work/socket.io-client-java/socket.io-client-java/.git/hooks/;prepare-commit-msg.sample;
/home/runner/work/socket.io-client-java/socket.io-client-java/.git/hooks/;pre-commit.sample;
/home/runner/work/socket.io-client-java/socket.io-client-java/.git/hooks/;applypatch-msg.sample;
/home/runner/work/socket.io-client-java/socket.io-client-java/.git/hooks/;push-to-checkout.sample;
/home/runner/work/socket.io-client-java/socket.io-client-java/.git/hooks/;update.sample;
/home/runner/work/socket.io-client-java/socket.io-client-java/.git/hooks/;pre-applypatch.sample;
/home/runner/work/socket.io-client-java/socket.io-client-java/.git/hooks/;pre-rebase.sample;
/home/runner/work/socket.io-client-java/socket.io-client-java/.git/hooks/;fsmonitor-watchman.sample;
/home/runner/work/socket.io-client-java/socket.io-client-java/.git/hooks/;pre-push.sample;
/home/runner/work/socket.io-client-java/socket.io-client-java/.git/hooks/;commit-msg.sample;
/home/runner/work/socket.io-client-java/socket.io-client-java/.git/hooks/;pre-merge-commit.sample;
/home/runner/work/socket.io-client-java/socket.io-client-java/.git/;description;
/home/runner/work/socket.io-client-java/socket.io-client-java/.git/;HEAD.lock;
/home/runner/work/socket.io-client-java/socket.io-client-java/.git/;config.lock;
/home/runner/work/socket.io-client-java/socket.io-client-java/.git/;tvjz9Fh;
/home/runner/work/socket.io-client-java/socket.io-client-java/.git/;FETCH_HEAD;
/home/runner/work/socket.io-client-java/socket.io-client-java/.git/objects/2d/;tmp_obj_7SpQjV;
/home/runner/work/socket.io-client-java/socket.io-client-java/.git/objects/2d/;81e65089a1c4e7b8ca0730e8b4564080ea5400;
/home/runner/work/socket.io-client-java/socket.io-client-java/.git/objects/1b/;tmp_obj_CpnjZx;
/home/runner/work/socket.io-client-java/socket.io-client-java/.git/objects/1b/;22d7a31ecab006e4a9145bd7f5c63b9bd27f3a;
/home/runner/work/socket.io-client-java/socket.io-client-java/.git/objects/d0/;tmp_obj_rz4Wg3;
/home/runner/work/socket.io-client-java/socket.io-client-java/.git/objects/d0/;a5dda66bf47f40dbec9c12fcaff1a2fb7e2c20;
/home/runner/work/socket.io-client-java/socket.io-client-java/.git/objects/7b/;tmp_obj_3xxuvb;
/home/runner/work/socket.io-client-java/socket.io-client-java/.git/objects/7b/;bbc83aa3b2e1cad097265cafadf126b6a3d35d;
/home/runner/work/socket.io-client-java/socket.io-client-java/.git/objects/36/;tmp_obj_0lMVg9;
/home/runner/work/socket.io-client-java/socket.io-client-java/.git/objects/36/;014cde565366485a5bc28e58d5a43a44542b8e;
/home/runner/work/socket.io-client-java/socket.io-client-java/.git/objects/53/;tmp_obj_d3MGE1;
/home/runner/work/socket.io-client-java/socket.io-client-java/.git/objects/53/;c39215f6864b4f039dfcd10f1104f64ffaa15a;
/home/runner/work/socket.io-client-java/socket.io-client-java/.git/objects/32/;tmp_obj_IxiXFJ;
/home/runner/work/socket.io-client-java/socket.io-client-java/.git/objects/32/;5b2ac7a81352475d7dd2fc3a7cb81ba228ba0e;
/home/runner/work/socket.io-client-java/socket.io-client-java/.git/objects/e3/;tmp_obj_CSJcyg;
/home/runner/work/socket.io-client-java/socket.io-client-java/.git/objects/e3/;3843118d8012d4afbb7375a2a38afd1ab9efcf;
/home/runner/work/socket.io-client-java/socket.io-client-java/.git/objects/fb/;tmp_obj_x8HhmS;
/home/runner/work/socket.io-client-java/socket.io-client-java/.git/objects/fb/;65a8020090ef16215e65ffdfa9cac145ea42f2;
/home/runner/work/socket.io-client-java/socket.io-client-java/.git/objects/d2/;tmp_obj_Qk9pZp;
/home/runner/work/socket.io-client-java/socket.io-client-java/.git/objects/d2/;6349c85659990e94d32c1ff72d94dcd349f8c1;
/home/runner/work/socket.io-client-java/socket.io-client-java/.git/objects/ea/;tmp_obj_a1Oa1e;
/home/runner/work/socket.io-client-java/socket.io-client-java/.git/objects/ea/;13506c595a275fc41d2b9ed74f66e7709bef47;
/home/runner/work/socket.io-client-java/socket.io-client-java/.git/objects/d5/;tmp_obj_IcPnfr;
/home/runner/work/socket.io-client-java/socket.io-client-java/.git/objects/d5/;af4cfd2c5d6572980b8659f7b1134c20333969;
/home/runner/work/socket.io-client-java/socket.io-client-java/.git/objects/d0/;tmp_obj_IhmhnG;
/home/runner/work/socket.io-client-java/socket.io-client-java/.git/objects/d0/;927070de28103d659d6bc6ccea7cd145105cd7;
/home/runner/work/socket.io-client-java/socket.io-client-java/.git/objects/28/;tmp_obj_q911ev;
/home/runner/work/socket.io-client-java/socket.io-client-java/.git/objects/28/;c73c09e15f0beca98dfeea829c8f379c5b7a66;
/home/runner/work/socket.io-client-java/socket.io-client-java/.git/objects/9a/;tmp_obj_jvtSbY;
/home/runner/work/socket.io-client-java/socket.io-client-java/.git/objects/9a/;36604e08232a45836a16b7a137420bea046d7c;
/home/runner/work/socket.io-client-java/socket.io-client-java/.git/objects/23/;tmp_obj_u8484v;
/home/runner/work/socket.io-client-java/socket.io-client-java/.git/objects/23/;bcdbcde749569cb01f451dee63722e1ae999b5;
/home/runner/work/socket.io-client-java/socket.io-client-java/.git/objects/d3/;tmp_obj_42Qu55;
/home/runner/work/socket.io-client-java/socket.io-client-java/.git/objects/d3/;85cd8400d2978fa822bf8188241e98ece9004a;
/home/runner/work/socket.io-client-java/socket.io-client-java/.git/objects/b7/;tmp_obj_agxozM;
/home/runner/work/socket.io-client-java/socket.io-client-java/.git/objects/b7/;7a31ecf3613092806c0754aa04611c57d11686;
/home/runner/work/socket.io-client-java/socket.io-client-java/.git/objects/7b/;tmp_obj_ielSM0;
/home/runner/work/socket.io-client-java/socket.io-client-java/.git/objects/7b/;75bb40181d9581bc6e5747f598d7bd27911d1c;
/home/runner/work/socket.io-client-java/socket.io-client-java/.git/objects/82/;tmp_obj_3jUQFW;
/home/runner/work/socket.io-client-java/socket.io-client-java/.git/objects/82/;8591ae14f54dec4dd8cd25c3afb312f9d014f1;
/home/runner/work/socket.io-client-java/socket.io-client-java/.git/objects/e2/;tmp_obj_Em8Cyn;
/home/runner/work/socket.io-client-java/socket.io-client-java/.git/objects/e2/;95909e50f32519b3d7818a2b5420c2ef5fc442;
/home/runner/work/socket.io-client-java/socket.io-client-java/.git/objects/81/;tmp_obj_yyK9eG;
/home/runner/work/socket.io-client-java/socket.io-client-java/.git/objects/81/;e1dddd29c44f63d65df0fb34c86aa18d89a2e6;
/home/runner/work/socket.io-client-java/socket.io-client-java/.git/objects/0e/;tmp_obj_N07fsS;
/home/runner/work/socket.io-client-java/socket.io-client-java/.git/objects/0e/;754ce2360303e85e0d35ccd7724ed94245a7a8;
/home/runner/work/socket.io-client-java/socket.io-client-java/.git/objects/59/;tmp_obj_ykuhPl;
/home/runner/work/socket.io-client-java/socket.io-client-java/.git/objects/59/;2838cbc49b4d8427663c626fefa583c9c2d436;
/home/runner/work/socket.io-client-java/socket.io-client-java/.git/objects/88/;tmp_obj_d2vZBi;
/home/runner/work/socket.io-client-java/socket.io-client-java/.git/objects/88/;c43c73fcc589d5106426edfc1997371e534e19;
/home/runner/work/socket.io-client-java/socket.io-client-java/.git/objects/1d/;tmp_obj_z55841;
/home/runner/work/socket.io-client-java/socket.io-client-java/.git/objects/1d/;a0c1972b990316b25c575709f638add69edc98;
/home/runner/work/socket.io-client-java/socket.io-client-java/.git/objects/a3/;tmp_obj_OR9vXW;
/home/runner/work/socket.io-client-java/socket.io-client-java/.git/objects/a3/;c5f19e5b6f71f5ccbdfd6d667aa8489688f86c;
/home/runner/work/socket.io-client-java/socket.io-client-java/.git/objects/26/;tmp_obj_AOx5FF;
/home/runner/work/socket.io-client-java/socket.io-client-java/.git/objects/26/;b46f3463ccb01cf0e4416bd2d3efc50385dc06;
/home/runner/work/socket.io-client-java/socket.io-client-java/.git/objects/49/;tmp_obj_gvsRts;
/home/runner/work/socket.io-client-java/socket.io-client-java/.git/objects/49/;bc378455975c0a86446515a5eb0a6b5aa7ec28;
/home/runner/work/socket.io-client-java/socket.io-client-java/.git/objects/5a/;tmp_obj_RONH3C;
/home/runner/work/socket.io-client-java/socket.io-client-java/.git/objects/5a/;d67dca1658f0d21edaf261903fc7ffd7cf7efc;
/home/runner/work/socket.io-client-java/socket.io-client-java/.git/objects/ef/;tmp_obj_NBH3w3;
/home/runner/work/socket.io-client-java/socket.io-client-java/.git/objects/ef/;24bf83230b702bf94b888602a083a6d5d84c7f;
/home/runner/work/socket.io-client-java/socket.io-client-java/.git/objects/45/;tmp_obj_1NeGRq;
/home/runner/work/socket.io-client-java/socket.io-client-java/.git/objects/45/;1eee8b1b6c206581b4bcdd00442f2719703504;
/home/runner/work/socket.io-client-java/socket.io-client-java/.git/objects/0d/;tmp_obj_fwDrJ8;
/home/runner/work/socket.io-client-java/socket.io-client-java/.git/objects/0d/;a72445b3df2ace578b8af71d624a9b10883c45;
/home/runner/work/socket.io-client-java/socket.io-client-java/.git/objects/63/;tmp_obj_EMKe5q;
/home/runner/work/socket.io-client-java/socket.io-client-java/.git/objects/63/;0be88ae556b028a836d14006f6f770dee3ac23;
/home/runner/work/socket.io-client-java/socket.io-client-java/.git/objects/d9/;tmp_obj_Sk94lF;
/home/runner/work/socket.io-client-java/socket.io-client-java/.git/objects/d9/;baa279c1a12e57eed7adaac402d1bae3105cc2;
/home/runner/work/socket.io-client-java/socket.io-client-java/.git/objects/3e/;tmp_obj_VrCoVD;
/home/runner/work/socket.io-client-java/socket.io-client-java/.git/objects/3e/;f17116564e37143e8555024c79af0c452210cd;
/home/runner/work/socket.io-client-java/socket.io-client-java/.git/objects/04/;tmp_obj_RvV29a;
/home/runner/work/socket.io-client-java/socket.io-client-java/.git/objects/04/;dc04489e1a4e1c8b2da101fb8330ff54016ffc;
/home/runner/work/socket.io-client-java/socket.io-client-java/.git/objects/e9/;tmp_obj_WjWCHG;
/home/runner/work/socket.io-client-java/socket.io-client-java/.git/objects/e9/;c53459c95d91a1f652e4cd74d10f3a7109d8e7;
/home/runner/work/socket.io-client-java/socket.io-client-java/.git/objects/ae/;tmp_obj_tSasn7;
/home/runner/work/socket.io-client-java/socket.io-client-java/.git/objects/ae/;5e35bee5186f2d5ef19962b08cbf7c6752dc30;
/home/runner/work/socket.io-client-java/socket.io-client-java/.git/objects/ea/;tmp_obj_FwnoBr;
/home/runner/work/socket.io-client-java/socket.io-client-java/.git/objects/ea/;4f628577152d07185ae1accc26a68b768deb6d;
/home/runner/work/socket.io-client-java/socket.io-client-java/.git/objects/89/;tmp_obj_8rvaOk;
/home/runner/work/socket.io-client-java/socket.io-client-java/.git/objects/89/;6db39708cc129fdcebf2f59c83b94ceb4fe030;
/home/runner/work/socket.io-client-java/socket.io-client-java/.git/objects/12/;tmp_obj_f7BAUA;
/home/runner/work/socket.io-client-java/socket.io-client-java/.git/objects/12/;69904bd4b8a4c931d6d3531b1211e5cacce033;
/home/runner/work/socket.io-client-java/socket.io-client-java/.git/objects/be/;tmp_obj_nqyXvj;
/home/runner/work/socket.io-client-java/socket.io-client-java/.git/objects/be/;5c7906511a772dd0217cb277540054855b5d83;
/home/runner/work/socket.io-client-java/socket.io-client-java/.git/objects/72/;tmp_obj_vTe7H5;
/home/runner/work/socket.io-client-java/socket.io-client-java/.git/objects/72/;9acdd2057289ca0f4d34bc0f26122a3e308beb;
/home/runner/work/socket.io-client-java/socket.io-client-java/.git/objects/45/;tmp_obj_jWFbZS;
/home/runner/work/socket.io-client-java/socket.io-client-java/.git/objects/45/;26a491b7dadf2f9bc690fba94199f23390b717;
/home/runner/work/socket.io-client-java/socket.io-client-java/.git/objects/b1/;tmp_obj_RvW9Om;
/home/runner/work/socket.io-client-java/socket.io-client-java/.git/objects/b1/;defeac7e13978b60641b10776b71c47727dbc6;
/home/runner/work/socket.io-client-java/socket.io-client-java/.git/objects/03/;tmp_obj_EXQds7;
/home/runner/work/socket.io-client-java/socket.io-client-java/.git/objects/03/;11b39e87713ca0970cd421d86c5f04a4cfca90;
/home/runner/work/socket.io-client-java/socket.io-client-java/.git/objects/99/;tmp_obj_ypLtU5;
/home/runner/work/socket.io-client-java/socket.io-client-java/.git/objects/99/;318f65ba3290604832f6e7f4634d27ea20c13f;
/home/runner/work/socket.io-client-java/socket.io-client-java/.git/objects/84/;tmp_obj_3g68xt;
/home/runner/work/socket.io-client-java/socket.io-client-java/.git/objects/84/;3fb1826fc6aac74a410385a4972052191ecd55;
/home/runner/work/socket.io-client-java/socket.io-client-java/.git/objects/0d/;tmp_obj_o3AR8K;
/home/runner/work/socket.io-client-java/socket.io-client-java/.git/objects/0d/;c9adbdfd714331a9b56487283a1d6b0a0e2744;
/home/runner/work/socket.io-client-java/socket.io-client-java/.git/objects/37/;tmp_obj_15QsUY;
/home/runner/work/socket.io-client-java/socket.io-client-java/.git/objects/37/;c5655091e2551dcf1cf389369e0a6ca91e67f0;
/home/runner/work/socket.io-client-java/socket.io-client-java/.git/objects/5a/;tmp_obj_LA5uxr;
/home/runner/work/socket.io-client-java/socket.io-client-java/.git/objects/5a/;40be45a916d3d858a983275ec344c1df633e88;
/home/runner/work/socket.io-client-java/socket.io-client-java/.git/objects/99/;tmp_obj_xc43tU;
/home/runner/work/socket.io-client-java/socket.io-client-java/.git/objects/99/;f1468fc063bf871a3d6ed86814ee8e18759d85;
/home/runner/work/socket.io-client-java/socket.io-client-java/.git/objects/87/;tmp_obj_ET3s9w;
/home/runner/work/socket.io-client-java/socket.io-client-java/.git/objects/87/;3de07d9fc6f9851c4f62a22ca8e25bc9b980ed;
/home/runner/work/socket.io-client-java/socket.io-client-java/.git/objects/87/;tmp_obj_oHt0Ad;
/home/runner/work/socket.io-client-java/socket.io-client-java/.git/objects/87/;d52ab67f9d76a46fdd5a92f94b9578a48f5bbe;
/home/runner/work/socket.io-client-java/socket.io-client-java/.git/objects/c2/;tmp_obj_d52kb3;
/home/runner/work/socket.io-client-java/socket.io-client-java/.git/objects/c2/;ea34cc2e531b0af8ae8f6a957807aba50bb021;
/home/runner/work/socket.io-client-java/socket.io-client-java/.git/objects/5d/;tmp_obj_UV9O0b;
/home/runner/work/socket.io-client-java/socket.io-client-java/.git/objects/5d/;1d34ac7b3a5a3fee19a759f802b8f0d82a0989;
/home/runner/work/socket.io-client-java/socket.io-client-java/.git/objects/77/;tmp_obj_CQT6ie;
/home/runner/work/socket.io-client-java/socket.io-client-java/.git/objects/77/;c0a6a31086d67df708ed272768c625dbad52fa;
/home/runner/work/socket.io-client-java/socket.io-client-java/.git/objects/3a/;tmp_obj_5eCZB5;
/home/runner/work/socket.io-client-java/socket.io-client-java/.git/objects/3a/;80fd900b7510430553b7062a61811bb5159aa0;
/home/runner/work/socket.io-client-java/socket.io-client-java/.git/objects/c2/;tmp_obj_jBbq5i;
/home/runner/work/socket.io-client-java/socket.io-client-java/.git/objects/c2/;be0e21d171c5f81b72dd5a00e624c8edbd8145;
/home/runner/work/socket.io-client-java/socket.io-client-java/.git/objects/d4/;tmp_obj_navQXl;
/home/runner/work/socket.io-client-java/socket.io-client-java/.git/objects/d4/;dd116b90664eaf00494345d68f7e2c8449149e;
/home/runner/work/socket.io-client-java/socket.io-client-java/.git/objects/43/;tmp_obj_BZiQ14;
/home/runner/work/socket.io-client-java/socket.io-client-java/.git/objects/43/;2be1735f3e8544f908e5cd1fb7d7e625093695;
/home/runner/work/socket.io-client-java/socket.io-client-java/.git/objects/a4/;tmp_obj_4WaZc6;
/home/runner/work/socket.io-client-java/socket.io-client-java/.git/objects/a4/;feb2673d1dc0192aa47a32411ca0c49aef0a1d;
/home/runner/work/socket.io-client-java/socket.io-client-java/.git/objects/ca/;tmp_obj_zbYgW3;
/home/runner/work/socket.io-client-java/socket.io-client-java/.git/objects/ca/;4d76d9ab97c92feeccb7c7deee1cc0c5d54310;
/home/runner/work/socket.io-client-java/socket.io-client-java/.git/objects/65/;tmp_obj_dHX755;
/home/runner/work/socket.io-client-java/socket.io-client-java/.git/objects/65/;1ea34726a913780797c812bd7b81ee14dac6a0;
/home/runner/work/socket.io-client-java/socket.io-client-java/.git/objects/8a/;tmp_obj_1P0flK;
/home/runner/work/socket.io-client-java/socket.io-client-java/.git/objects/8a/;e61de4d02040e89e7d1bf5b453a0e3837ceb71;
/home/runner/work/socket.io-client-java/socket.io-client-java/.git/objects/e3/;tmp_obj_KaBq5p;
/home/runner/work/socket.io-client-java/socket.io-client-java/.git/objects/e3/;c43b08ebabd1dac9d355db6153080e5f386662;
/home/runner/work/socket.io-client-java/socket.io-client-java/.git/objects/9f/;tmp_obj_fb20uR;
/home/runner/work/socket.io-client-java/socket.io-client-java/.git/objects/9f/;3a533e6ad9a4dbb495e44924adce11182d99fd;
/home/runner/work/socket.io-client-java/socket.io-client-java/.git/objects/aa/;tmp_obj_8f3UzA;
/home/runner/work/socket.io-client-java/socket.io-client-java/.git/objects/aa/;d9f4c4c4a1bbae6aeae9175e373e54cba98873;
/home/runner/work/socket.io-client-java/socket.io-client-java/.git/objects/b4/;tmp_obj_UXFKTG;
/home/runner/work/socket.io-client-java/socket.io-client-java/.git/objects/b4/;bf6a7ee03f350b399b0fd2660a762ea3a2eac5;
/home/runner/work/socket.io-client-java/socket.io-client-java/.git/objects/6f/;tmp_obj_EVlmB6;
/home/runner/work/socket.io-client-java/socket.io-client-java/.git/objects/6f/;475fb3b770df5d95e885ee39dac3a8c2ee479d;
/home/runner/work/socket.io-client-java/socket.io-client-java/.git/objects/46/;tmp_obj_MtaUE6;
/home/runner/work/socket.io-client-java/socket.io-client-java/.git/objects/46/;974b02bedcebc0fdc23792472bf44beb30f38e;
/home/runner/work/socket.io-client-java/socket.io-client-java/.git/objects/c2/;tmp_obj_OB9NDQ;
/home/runner/work/socket.io-client-java/socket.io-client-java/.git/objects/c2/;e9354ec446cff3931560a9cac8ef7a921769e6;
/home/runner/work/socket.io-client-java/socket.io-client-java/.git/objects/3d/;tmp_obj_ckYNIb;
/home/runner/work/socket.io-client-java/socket.io-client-java/.git/objects/3d/;b641db172f00085379a1fce44bfd2d7f40d9d5;
/home/runner/work/socket.io-client-java/socket.io-client-java/.git/objects/47/;tmp_obj_dUQ8HQ;
/home/runner/work/socket.io-client-java/socket.io-client-java/.git/objects/47/;a1a0c12854d5bd2a41a56f460feb04e4d25e28;
/home/runner/work/socket.io-client-java/socket.io-client-java/.git/objects/86/;tmp_obj_2viyxC;
/home/runner/work/socket.io-client-java/socket.io-client-java/.git/objects/86/;340c888b68475e7f69bc1ae8e04568d13ad21d;
/home/runner/work/socket.io-client-java/socket.io-client-java/.git/objects/fa/;tmp_obj_naEsYv;
/home/runner/work/socket.io-client-java/socket.io-client-java/.git/objects/fa/;23d169e19578ca7ba72ce81d2f8a020e879df6;
/home/runner/work/socket.io-client-java/socket.io-client-java/.git/objects/e0/;tmp_obj_q9NaTH;
/home/runner/work/socket.io-client-java/socket.io-client-java/.git/objects/e0/;c0a7c2d93e7b9ca834bc1066de8887b689b371;
/home/runner/work/socket.io-client-java/socket.io-client-java/.git/objects/c8/;tmp_obj_Q6qVun;
/home/runner/work/socket.io-client-java/socket.io-client-java/.git/objects/c8/;3fca60801501a69db8b8027fb78c06796de600;
/home/runner/work/socket.io-client-java/socket.io-client-java/.git/objects/5e/;tmp_obj_pSA8H1;
/home/runner/work/socket.io-client-java/socket.io-client-java/.git/objects/5e/;3b6d4fb4a3e4aac3a6da251f0448287189c0a2;
/home/runner/work/socket.io-client-java/socket.io-client-java/.git/objects/d4/;tmp_obj_JHwCMe;
/home/runner/work/socket.io-client-java/socket.io-client-java/.git/objects/d4/;8547cfff4c3c04874e7d2c54f89cca6074d09d;
/home/runner/work/socket.io-client-java/socket.io-client-java/.git/objects/ba/;tmp_obj_pTsJB6;
/home/runner/work/socket.io-client-java/socket.io-client-java/.git/objects/ba/;90e80739018437dcfba46e26f0a009c53a7a2b;
/home/runner/work/socket.io-client-java/socket.io-client-java/.git/objects/17/;tmp_obj_Ke4Phm;
/home/runner/work/socket.io-client-java/socket.io-client-java/.git/objects/17/;d4886350e2fe5fbce3b8ff8543245b3bf64442;
/home/runner/work/socket.io-client-java/socket.io-client-java/.git/objects/68/;tmp_obj_HUhj4i;
/home/runner/work/socket.io-client-java/socket.io-client-java/.git/objects/68/;02c3089037fa72211bb1b8ba58fe95351eb1f6;
/home/runner/work/socket.io-client-java/socket.io-client-java/.git/objects/f4/;tmp_obj_6Ybwd1;
/home/runner/work/socket.io-client-java/socket.io-client-java/.git/objects/f4/;868395f76ef62607ce65015da6d706417374e0;
/home/runner/work/socket.io-client-java/socket.io-client-java/.git/objects/48/;tmp_obj_Jq3Cqj;
/home/runner/work/socket.io-client-java/socket.io-client-java/.git/objects/48/;d6764db0430c6d70c640ec0440812993ec2db7;
/home/runner/work/socket.io-client-java/socket.io-client-java/.git/objects/cf/;tmp_obj_flzBYI;
/home/runner/work/socket.io-client-java/socket.io-client-java/.git/objects/cf/;3be045d36f779a5a163b34d95dfdac865b6d3e;
/home/runner/work/socket.io-client-java/socket.io-client-java/.git/objects/b8/;tmp_obj_kPAGiR;
/home/runner/work/socket.io-client-java/socket.io-client-java/.git/objects/b8/;0afb932cb6c3c2086d0044519517d581bccba3;
/home/runner/work/socket.io-client-java/socket.io-client-java/.git/objects/fa/;tmp_obj_LNI0Jz;
/home/runner/work/socket.io-client-java/socket.io-client-java/.git/objects/fa/;70caba25c1a64ce4d6d7cb02896bd4dbfd9f9e;
/home/runner/work/socket.io-client-java/socket.io-client-java/.git/objects/9f/;tmp_obj_89WRhy;
/home/runner/work/socket.io-client-java/socket.io-client-java/.git/objects/9f/;fa15b97197deade9a30298564d878797816bfe;
/home/runner/work/socket.io-client-java/socket.io-client-java/.git/objects/92/;tmp_obj_yIGAs1;
/home/runner/work/socket.io-client-java/socket.io-client-java/.git/objects/92/;9d95916a1e0da534f3399ec962aaa19356918e;
/home/runner/work/socket.io-client-java/socket.io-client-java/.git/objects/76/;tmp_obj_LCpg9z;
/home/runner/work/socket.io-client-java/socket.io-client-java/.git/objects/76/;85423ead5a64745101069e0dd0db1f03cc6f51;
/home/runner/work/socket.io-client-java/socket.io-client-java/.git/objects/72/;tmp_obj_qtkOtl;
/home/runner/work/socket.io-client-java/socket.io-client-java/.git/objects/72/;b02504f4c5dc632df53cb9b77a0f56d2130db2;
/home/runner/work/socket.io-client-java/socket.io-client-java/.git/objects/;maintenance.lock;
/home/runner/work/socket.io-client-java/socket.io-client-java/.git/;index.lock;
/home/runner/work/socket.io-client-java/socket.io-client-java/.github/ISSUE_TEMPLATE/;bug_report.md;
/home/runner/work/socket.io-client-java/socket.io-client-java/.github/ISSUE_TEMPLATE/;feature_request.md;
/home/runner/work/socket.io-client-java/socket.io-client-java/.github/ISSUE_TEMPLATE/;question.md;
/home/runner/work/socket.io-client-java/socket.io-client-java/.github/workflows/;ci.yml;
/home/runner/work/socket.io-client-java/socket.io-client-java/;.gitignore;
/home/runner/work/socket.io-client-java/socket.io-client-java/;History.md;
/home/runner/work/socket.io-client-java/socket.io-client-java/;LICENSE;
/home/runner/work/socket.io-client-java/socket.io-client-java/;Makefile;
/home/runner/work/socket.io-client-java/socket.io-client-java/;README.md;
/home/runner/work/socket.io-client-java/socket.io-client-java/src/site/markdown/;android.md;
/home/runner/work/socket.io-client-java/socket.io-client-java/src/site/markdown/;changelog.md;
/home/runner/work/socket.io-client-java/socket.io-client-java/src/site/markdown/;emitting_events.md;
/home/runner/work/socket.io-client-java/socket.io-client-java/src/site/markdown/;faq.md;
/home/runner/work/socket.io-client-java/socket.io-client-java/src/site/markdown/;initialization.md;
/home/runner/work/socket.io-client-java/socket.io-client-java/src/site/markdown/;installation.md;
/home/runner/work/socket.io-client-java/socket.io-client-java/src/site/markdown/;listening_to_events.md;
/home/runner/work/socket.io-client-java/socket.io-client-java/src/site/markdown/;logging.md;
/home/runner/work/socket.io-client-java/socket.io-client-java/src/site/markdown/;migrating_from_1_x.md;
/home/runner/work/socket.io-client-java/socket.io-client-java/src/site/markdown/;socket_instance.md;
/home/runner/work/socket.io-client-java/socket.io-client-java/src/site/markdown/;usage.md;
/home/runner/work/socket.io-client-java/socket.io-client-java/src/site/resources/images/;client_socket_events.png;
/home/runner/work/socket.io-client-java/socket.io-client-java/src/site/;site.xml;
/home/runner/work/socket.io-client-java/socket.io-client-java/.git/logs/;HEAD;
/home/runner/work/socket.io-client-java/socket.io-client-java/target/maven-status/maven-compiler-plugin/compile/default-compile/;createdFiles.lst;
/home/runner/work/socket.io-client-java/socket.io-client-java/target/maven-status/maven-compiler-plugin/compile/default-compile/;inputFiles.lst;
/home/runner/work/socket.io-client-java/socket.io-client-java/target/test-classes/;package-lock.json;
/home/runner/work/socket.io-client-java/socket.io-client-java/target/test-classes/;logging.properties;
/home/runner/work/socket.io-client-java/socket.io-client-java/target/test-classes/;key.pem;
/home/runner/work/socket.io-client-java/socket.io-client-java/target/test-classes/;server.js;
/home/runner/work/socket.io-client-java/socket.io-client-java/target/test-classes/;cert.pem;
/home/runner/work/socket.io-client-java/socket.io-client-java/target/test-classes/;keystore.jks;
/home/runner/work/socket.io-client-java/socket.io-client-java/target/test-classes/;package.json;
/home/runner/work/socket.io-client-java/socket.io-client-java/src/test/resources/node_modules/.staging/base64id-cca5f1c6/;package.json;
/home/runner/work/socket.io-client-java/socket.io-client-java/src/test/resources/node_modules/.staging/base64id-cca5f1c6/;CHANGELOG.md;
/home/runner/work/socket.io-client-java/socket.io-client-java/src/test/resources/node_modules/.staging/mime-types-07e49e6a/;LICENSE;
/home/runner/work/socket.io-client-java/socket.io-client-java/src/test/resources/node_modules/.staging/cors-e45a4ed8/;package.json;
/home/runner/work/socket.io-client-java/socket.io-client-java/src/test/resources/node_modules/.staging/vary-e6604976/;package.json;
/home/runner/work/socket.io-client-java/socket.io-client-java/src/test/resources/node_modules/.staging/component-emitter-ba521bd7/;package.json;
/home/runner/work/socket.io-client-java/socket.io-client-java/src/test/resources/node_modules/.staging/ws-e71e4163/;LICENSE;
/home/runner/work/socket.io-client-java/socket.io-client-java/src/test/resources/node_modules/.staging/object-assign-f00c971f/;package.json;
/home/runner/work/socket.io-client-java/socket.io-client-java/src/test/resources/node_modules/.staging/mime-db-808171c8/;LICENSE;
/home/runner/work/socket.io-client-java/socket.io-client-java/src/test/resources/node_modules/.staging/cookie-cc3a8c17/;LICENSE;
/home/runner/work/socket.io-client-java/socket.io-client-java/src/test/resources/node_modules/.staging/engine.io-dd75bff9/;LICENSE;
/home/runner/work/socket.io-client-java/socket.io-client-java/src/test/resources/node_modules/.staging/engine.io-parser-18de4b8c/;LICENSE;
/home/runner/work/socket.io-client-java/socket.io-client-java/src/test/resources/node_modules/.staging/debug-1e45bc67/;package.json;
/home/runner/work/socket.io-client-java/socket.io-client-java/src/test/resources/node_modules/.staging/ms-4f6cb476/;index.js;
/home/runner/work/socket.io-client-java/socket.io-client-java/src/test/resources/node_modules/.staging/negotiator-19325a83/;package.json;
/home/runner/work/socket.io-client-java/socket.io-client-java/src/test/resources/node_modules/.staging/socket.io-parser-673f0b35/;LICENSE;
/home/runner/work/socket.io-client-java/socket.io-client-java/src/test/resources/node_modules/.staging/socket.io-adapter-e820b68c/;LICENSE;
/home/runner/work/socket.io-client-java/socket.io-client-java/src/test/resources/node_modules/.staging/base64id-cca5f1c6/;LICENSE;
/home/runner/work/socket.io-client-java/socket.io-client-java/src/test/resources/node_modules/.staging/mime-types-07e49e6a/;index.js;
/home/runner/work/socket.io-client-java/socket.io-client-java/src/test/resources/node_modules/.staging/cors-e45a4ed8/;CONTRIBUTING.md;
/home/runner/work/socket.io-client-java/socket.io-client-java/src/test/resources/node_modules/.staging/vary-e6604976/;README.md;
/home/runner/work/socket.io-client-java/socket.io-client-java/src/test/resources/node_modules/.staging/component-emitter-ba521bd7/;History.md;
/home/runner/work/socket.io-client-java/socket.io-client-java/src/test/resources/node_modules/.staging/ws-e71e4163/;browser.js;
/home/runner/work/socket.io-client-java/socket.io-client-java/src/test/resources/node_modules/.staging/object-assign-f00c971f/;index.js;
/home/runner/work/socket.io-client-java/socket.io-client-java/src/test/resources/node_modules/.staging/mime-db-808171c8/;index.js;
/home/runner/work/socket.io-client-java/socket.io-client-java/src/test/resources/node_modules/.staging/cookie-cc3a8c17/;index.js;
/home/runner/work/socket.io-client-java/socket.io-client-java/src/test/resources/node_modules/.staging/debug-1e45bc67/;CHANGELOG.md;
/home/runner/work/socket.io-client-java/socket.io-client-java/src/test/resources/node_modules/.staging/negotiator-19325a83/;HISTORY.md;
/home/runner/work/socket.io-client-java/socket.io-client-java/src/test/resources/node_modules/.staging/socket.io-5163ba59/;LICENSE;
/home/runner/work/socket.io-client-java/socket.io-client-java/src/test/resources/node_modules/.staging/base64-arraybuffer-a8e43fe0/;package.json;
/home/runner/work/socket.io-client-java/socket.io-client-java/src/test/resources/node_modules/.staging/accepts-adc31efe/;package.json;
/home/runner/work/socket.io-client-java/socket.io-client-java/src/test/resources/node_modules/.staging/@types/cookie-f3bba1bc/;LICENSE;
/home/runner/work/socket.io-client-java/socket.io-client-java/src/test/resources/node_modules/.staging/@types/component-emitter-1c86a660/;LICENSE;
/home/runner/work/socket.io-client-java/socket.io-client-java/src/test/resources/node_modules/.staging/@types/cors-dd8a313b/;LICENSE;
/home/runner/work/socket.io-client-java/socket.io-client-java/src/test/resources/node_modules/.staging/mime-types-07e49e6a/;package.json;
/home/runner/work/socket.io-client-java/socket.io-client-java/src/test/resources/node_modules/.staging/cors-e45a4ed8/;HISTORY.md;
/home/runner/work/socket.io-client-java/socket.io-client-java/src/test/resources/node_modules/.staging/component-emitter-ba521bd7/;index.js;
/home/runner/work/socket.io-client-java/socket.io-client-java/src/test/resources/node_modules/.staging/mime-db-808171c8/;db.json;
/home/runner/work/socket.io-client-java/socket.io-client-java/src/test/resources/node_modules/.staging/cookie-cc3a8c17/;package.json;
/home/runner/work/socket.io-client-java/socket.io-client-java/src/test/resources/node_modules/.staging/engine.io-parser-18de4b8c/lib/;commons.js;
/home/runner/work/socket.io-client-java/socket.io-client-java/src/test/resources/node_modules/.staging/socket.io-adapter-e820b68c/dist/;index.js;
/home/runner/work/socket.io-client-java/socket.io-client-java/src/test/resources/node_modules/.staging/base64-arraybuffer-a8e43fe0/;.npmignore;
/home/runner/work/socket.io-client-java/socket.io-client-java/src/test/resources/node_modules/.staging/accepts-adc31efe/;HISTORY.md;
/home/runner/work/socket.io-client-java/socket.io-client-java/src/test/resources/node_modules/.staging/@types/cookie-f3bba1bc/;README.md;
/home/runner/work/socket.io-client-java/socket.io-client-java/src/test/resources/node_modules/.staging/@types/component-emitter-1c86a660/;README.md;
/home/runner/work/socket.io-client-java/socket.io-client-java/src/test/resources/node_modules/.staging/@types/cors-dd8a313b/;README.md;
/home/runner/work/socket.io-client-java/socket.io-client-java/src/test/resources/node_modules/.staging/mime-types-07e49e6a/;HISTORY.md;
/home/runner/work/socket.io-client-java/socket.io-client-java/src/test/resources/node_modules/.staging/ws-e71e4163/lib/;buffer-util.js;
/home/runner/work/socket.io-client-java/socket.io-client-java/src/test/resources/node_modules/.staging/cookie-cc3a8c17/;HISTORY.md;
/home/runner/work/socket.io-client-java/socket.io-client-java/src/test/resources/node_modules/.staging/engine.io-parser-18de4b8c/lib/;decodePacket.browser.js;
/home/runner/work/socket.io-client-java/socket.io-client-java/src/test/resources/node_modules/.staging/ms-4f6cb476/;package.json;
/home/runner/work/socket.io-client-java/socket.io-client-java/src/test/resources/node_modules/.staging/socket.io-adapter-e820b68c/;package.json;
/home/runner/work/socket.io-client-java/socket.io-client-java/src/test/resources/node_modules/.staging/socket.io-5163ba59/dist/;client.js;
/home/runner/work/socket.io-client-java/socket.io-client-java/src/test/resources/node_modules/.staging/base64-arraybuffer-a8e43fe0/;README.md;
/home/runner/work/socket.io-client-java/socket.io-client-java/src/test/resources/node_modules/.staging/@types/cookie-f3bba1bc/;index.d.ts;
/home/runner/work/socket.io-client-java/socket.io-client-java/src/test/resources/node_modules/.staging/@types/component-emitter-1c86a660/;index.d.ts;
/home/runner/work/socket.io-client-java/socket.io-client-java/src/test/resources/node_modules/.staging/@types/cors-dd8a313b/;index.d.ts;
/home/runner/work/socket.io-client-java/socket.io-client-java/src/test/resources/node_modules/.staging/base64id-cca5f1c6/;README.md;
/home/runner/work/socket.io-client-java/socket.io-client-java/src/test/resources/node_modules/.staging/vary-e6604976/;LICENSE;
/home/runner/work/socket.io-client-java/socket.io-client-java/src/test/resources/node_modules/.staging/object-assign-f00c971f/;license;
/home/runner/work/socket.io-client-java/socket.io-client-java/src/test/resources/node_modules/.staging/cookie-cc3a8c17/;README.md;
/home/runner/work/socket.io-client-java/socket.io-client-java/src/test/resources/node_modules/.staging/engine.io-dd75bff9/lib/;engine.io.js;
/home/runner/work/socket.io-client-java/socket.io-client-java/src/test/resources/node_modules/.staging/engine.io-parser-18de4b8c/lib/;decodePacket.js;
/home/runner/work/socket.io-client-java/socket.io-client-java/src/test/resources/node_modules/.staging/ms-4f6cb476/;license.md;
/home/runner/work/socket.io-client-java/socket.io-client-java/src/test/resources/node_modules/.staging/negotiator-19325a83/;index.js;
/home/runner/work/socket.io-client-java/socket.io-client-java/src/test/resources/node_modules/.staging/socket.io-parser-673f0b35/dist/;binary.js;
/home/runner/work/socket.io-client-java/socket.io-client-java/src/test/resources/node_modules/.staging/socket.io-adapter-e820b68c/;CHANGELOG.md;
/home/runner/work/socket.io-client-java/socket.io-client-java/src/test/resources/node_modules/.staging/base64-arraybuffer-a8e43fe0/;LICENSE-MIT;
/home/runner/work/socket.io-client-java/socket.io-client-java/src/test/resources/node_modules/.staging/@types/component-emitter-1c86a660/;package.json;
/home/runner/work/socket.io-client-java/socket.io-client-java/src/test/resources/node_modules/.staging/@types/cors-dd8a313b/;package.json;
/home/runner/work/socket.io-client-java/socket.io-client-java/src/test/resources/node_modules/.staging/cors-e45a4ed8/;LICENSE;
/home/runner/work/socket.io-client-java/socket.io-client-java/src/test/resources/node_modules/.staging/vary-e6604976/;index.js;
/home/runner/work/socket.io-client-java/socket.io-client-java/src/test/resources/node_modules/.staging/component-emitter-ba521bd7/;LICENSE;
/home/runner/work/socket.io-client-java/socket.io-client-java/src/test/resources/node_modules/.staging/object-assign-f00c971f/;readme.md;
/home/runner/work/socket.io-client-java/socket.io-client-java/src/test/resources/node_modules/.staging/engine.io-parser-18de4b8c/lib/;encodePacket.browser.js;
/home/runner/work/socket.io-client-java/socket.io-client-java/src/test/resources/node_modules/.staging/ms-4f6cb476/;readme.md;
/home/runner/work/socket.io-client-java/socket.io-client-java/src/test/resources/node_modules/.staging/socket.io-parser-673f0b35/dist/;index.js;
/home/runner/work/socket.io-client-java/socket.io-client-java/src/test/resources/node_modules/.staging/socket.io-adapter-e820b68c/;Readme.md;
/home/runner/work/socket.io-client-java/socket.io-client-java/src/test/resources/node_modules/.staging/base64-arraybuffer-a8e43fe0/;.travis.yml;
/home/runner/work/socket.io-client-java/socket.io-client-java/src/test/resources/node_modules/.staging/accepts-adc31efe/;index.js;
/home/runner/work/socket.io-client-java/socket.io-client-java/src/test/resources/node_modules/.staging/base64id-cca5f1c6/lib/;base64id.js;
/home/runner/work/socket.io-client-java/socket.io-client-java/src/test/resources/node_modules/.staging/mime-types-07e49e6a/;README.md;
/home/runner/work/socket.io-client-java/socket.io-client-java/src/test/resources/node_modules/.staging/cors-e45a4ed8/;README.md;
/home/runner/work/socket.io-client-java/socket.io-client-java/src/test/resources/node_modules/.staging/component-emitter-ba521bd7/;Readme.md;
/home/runner/work/socket.io-client-java/socket.io-client-java/src/test/resources/node_modules/.staging/ws-e71e4163/lib/;constants.js;
/home/runner/work/socket.io-client-java/socket.io-client-java/src/test/resources/node_modules/.staging/engine.io-dd75bff9/lib/transports/;index.js;
/home/runner/work/socket.io-client-java/socket.io-client-java/src/test/resources/node_modules/.staging/engine.io-parser-18de4b8c/lib/;encodePacket.js;
/home/runner/work/socket.io-client-java/socket.io-client-java/src/test/resources/node_modules/.staging/debug-1e45bc67/;LICENSE;
/home/runner/work/socket.io-client-java/socket.io-client-java/src/test/resources/node_modules/.staging/socket.io-adapter-e820b68c/dist/;index.d.ts;
/home/runner/work/socket.io-client-java/socket.io-client-java/src/test/resources/node_modules/.staging/socket.io-5163ba59/dist/;index.js;
/home/runner/work/socket.io-client-java/socket.io-client-java/src/test/resources/node_modules/.staging/@types/cookie-f3bba1bc/;package.json;
/home/runner/work/socket.io-client-java/socket.io-client-java/src/test/resources/node_modules/.staging/ws-e71e4163/lib/;event-target.js;
/home/runner/work/socket.io-client-java/socket.io-client-java/src/test/resources/node_modules/.staging/engine.io-dd75bff9/lib/transports/;polling-jsonp.js;
/home/runner/work/socket.io-client-java/socket.io-client-java/src/test/resources/node_modules/.staging/negotiator-19325a83/;LICENSE;
/home/runner/work/socket.io-client-java/socket.io-client-java/src/test/resources/node_modules/.staging/base64-arraybuffer-a8e43fe0/lib/;base64-arraybuffer.js;
/home/runner/work/socket.io-client-java/socket.io-client-java/src/test/resources/node_modules/.staging/@types/node-9adcbe09/;LICENSE;
/home/runner/work/socket.io-client-java/socket.io-client-java/src/test/resources/node_modules/.staging/vary-e6604976/;HISTORY.md;
/home/runner/work/socket.io-client-java/socket.io-client-java/src/test/resources/node_modules/.staging/engine.io-dd75bff9/lib/transports/;polling.js;
/home/runner/work/socket.io-client-java/socket.io-client-java/src/test/resources/node_modules/.staging/negotiator-19325a83/;README.md;
/home/runner/work/socket.io-client-java/socket.io-client-java/src/test/resources/node_modules/.staging/accepts-adc31efe/;LICENSE;
/home/runner/work/socket.io-client-java/socket.io-client-java/src/test/resources/node_modules/.staging/@types/node-9adcbe09/;README.md;
/home/runner/work/socket.io-client-java/socket.io-client-java/src/test/resources/node_modules/.staging/engine.io-parser-18de4b8c/lib/;index.js;
/home/runner/work/socket.io-client-java/socket.io-client-java/src/test/resources/node_modules/.staging/debug-1e45bc67/;README.md;
/home/runner/work/socket.io-client-java/socket.io-client-java/src/test/resources/node_modules/.staging/accepts-adc31efe/;README.md;
/home/runner/work/socket.io-client-java/socket.io-client-java/src/test/resources/node_modules/.staging/ws-e71e4163/lib/;extension.js;
/home/runner/work/socket.io-client-java/socket.io-client-java/src/test/resources/node_modules/.staging/engine.io-parser-18de4b8c/;package.json;
/home/runner/work/socket.io-client-java/socket.io-client-java/src/test/resources/node_modules/.staging/socket.io-parser-673f0b35/dist/;is-binary.js;
/home/runner/work/socket.io-client-java/socket.io-client-java/src/test/resources/node_modules/.staging/engine.io-dd75bff9/lib/;server.js;
/home/runner/work/socket.io-client-java/socket.io-client-java/src/test/resources/node_modules/.staging/engine.io-parser-18de4b8c/;CHANGELOG.md;
/home/runner/work/socket.io-client-java/socket.io-client-java/src/test/resources/node_modules/.staging/socket.io-parser-673f0b35/;package.json;
/home/runner/work/socket.io-client-java/socket.io-client-java/src/test/resources/node_modules/.staging/socket.io-5163ba59/dist/;namespace.js;
/home/runner/work/socket.io-client-java/socket.io-client-java/src/test/resources/node_modules/.staging/@types/node-9adcbe09/;assert.d.ts;
/home/runner/work/socket.io-client-java/socket.io-client-java/src/test/resources/node_modules/.staging/cors-e45a4ed8/lib/;index.js;
/home/runner/work/socket.io-client-java/socket.io-client-java/src/test/resources/node_modules/.staging/negotiator-19325a83/lib/;charset.js;
/home/runner/work/socket.io-client-java/socket.io-client-java/src/test/resources/node_modules/.staging/socket.io-parser-673f0b35/;CHANGELOG.md;
/home/runner/work/socket.io-client-java/socket.io-client-java/src/test/resources/node_modules/.staging/socket.io-5163ba59/dist/;parent-namespace.js;
/home/runner/work/socket.io-client-java/socket.io-client-java/src/test/resources/node_modules/.staging/ws-e71e4163/;index.js;
/home/runner/work/socket.io-client-java/socket.io-client-java/src/test/resources/node_modules/.staging/negotiator-19325a83/lib/;encoding.js;
/home/runner/work/socket.io-client-java/socket.io-client-java/src/test/resources/node_modules/.staging/socket.io-parser-673f0b35/;Readme.md;
/home/runner/work/socket.io-client-java/socket.io-client-java/src/test/resources/node_modules/.staging/ws-e71e4163/lib/;limiter.js;
/home/runner/work/socket.io-client-java/socket.io-client-java/src/test/resources/node_modules/.staging/engine.io-parser-18de4b8c/;Readme.md;
/home/runner/work/socket.io-client-java/socket.io-client-java/src/test/resources/node_modules/.staging/negotiator-19325a83/lib/;language.js;
/home/runner/work/socket.io-client-java/socket.io-client-java/src/test/resources/node_modules/.staging/@types/node-9adcbe09/;async_hooks.d.ts;
/home/runner/work/socket.io-client-java/socket.io-client-java/src/test/resources/node_modules/.staging/ws-e71e4163/lib/;permessage-deflate.js;
/home/runner/work/socket.io-client-java/socket.io-client-java/src/test/resources/node_modules/.staging/debug-1e45bc67/dist/;debug.js;
/home/runner/work/socket.io-client-java/socket.io-client-java/src/test/resources/node_modules/.staging/negotiator-19325a83/lib/;mediaType.js;
/home/runner/work/socket.io-client-java/socket.io-client-java/src/test/resources/node_modules/.staging/engine.io-dd75bff9/lib/;socket.js;
/home/runner/work/socket.io-client-java/socket.io-client-java/src/test/resources/node_modules/.staging/socket.io-parser-673f0b35/dist/;binary.d.ts;
/home/runner/work/socket.io-client-java/socket.io-client-java/src/test/resources/node_modules/.staging/socket.io-5163ba59/client-dist/;socket.io.js;
/home/runner/work/socket.io-client-java/socket.io-client-java/src/test/resources/node_modules/.staging/socket.io-parser-673f0b35/dist/;index.d.ts;
/home/runner/work/socket.io-client-java/socket.io-client-java/src/test/resources/node_modules/.staging/ws-e71e4163/lib/;receiver.js;
/home/runner/work/socket.io-client-java/socket.io-client-java/src/test/resources/node_modules/.staging/socket.io-parser-673f0b35/dist/;is-binary.d.ts;
/home/runner/work/socket.io-client-java/socket.io-client-java/src/test/resources/node_modules/.staging/@types/node-9adcbe09/;base.d.ts;
/home/runner/work/socket.io-client-java/socket.io-client-java/src/test/resources/node_modules/.staging/@types/node-9adcbe09/;buffer.d.ts;
/home/runner/work/socket.io-client-java/socket.io-client-java/src/test/resources/node_modules/.staging/ws-e71e4163/lib/;sender.js;
/home/runner/work/socket.io-client-java/socket.io-client-java/src/test/resources/node_modules/.staging/mime-db-808171c8/;package.json;
/home/runner/work/socket.io-client-java/socket.io-client-java/src/test/resources/node_modules/.staging/engine.io-dd75bff9/lib/;transport.js;
/home/runner/work/socket.io-client-java/socket.io-client-java/src/test/resources/node_modules/.staging/@types/node-9adcbe09/;child_process.d.ts;
/home/runner/work/socket.io-client-java/socket.io-client-java/src/test/resources/node_modules/.staging/mime-db-808171c8/;HISTORY.md;
/home/runner/work/socket.io-client-java/socket.io-client-java/src/test/resources/node_modules/.staging/engine.io-dd75bff9/lib/transports/;websocket.js;
/home/runner/work/socket.io-client-java/socket.io-client-java/src/test/resources/node_modules/.staging/engine.io-dd75bff9/;package.json;
/home/runner/work/socket.io-client-java/socket.io-client-java/src/test/resources/node_modules/.staging/debug-1e45bc67/src/;browser.js;
/home/runner/work/socket.io-client-java/socket.io-client-java/src/test/resources/node_modules/.staging/engine.io-dd75bff9/;CHANGELOG.md;
/home/runner/work/socket.io-client-java/socket.io-client-java/src/test/resources/node_modules/.staging/ws-e71e4163/lib/;stream.js;
/home/runner/work/socket.io-client-java/socket.io-client-java/src/test/resources/node_modules/.staging/debug-1e45bc67/src/;common.js;
/home/runner/work/socket.io-client-java/socket.io-client-java/src/test/resources/node_modules/.staging/@types/node-9adcbe09/;cluster.d.ts;
/home/runner/work/socket.io-client-java/socket.io-client-java/src/test/resources/node_modules/.staging/ws-e71e4163/lib/;validation.js;
/home/runner/work/socket.io-client-java/socket.io-client-java/src/test/resources/node_modules/.staging/mime-db-808171c8/;README.md;
/home/runner/work/socket.io-client-java/socket.io-client-java/src/test/resources/node_modules/.staging/ws-e71e4163/lib/;websocket-server.js;
/home/runner/work/socket.io-client-java/socket.io-client-java/src/test/resources/node_modules/.staging/engine.io-dd75bff9/;README.md;
/home/runner/work/socket.io-client-java/socket.io-client-java/src/test/resources/node_modules/.staging/debug-1e45bc67/src/;index.js;
/home/runner/work/socket.io-client-java/socket.io-client-java/src/test/resources/node_modules/.staging/@types/node-9adcbe09/;console.d.ts;
/home/runner/work/socket.io-client-java/socket.io-client-java/src/test/resources/node_modules/.staging/debug-1e45bc67/src/;node.js;
/home/runner/work/socket.io-client-java/socket.io-client-java/src/test/resources/node_modules/.staging/@types/node-9adcbe09/;constants.d.ts;
/home/runner/work/socket.io-client-java/socket.io-client-java/src/test/resources/node_modules/.staging/ws-e71e4163/lib/;websocket.js;
/home/runner/work/socket.io-client-java/socket.io-client-java/src/test/resources/node_modules/.staging/@types/node-9adcbe09/;crypto.d.ts;
/home/runner/work/socket.io-client-java/socket.io-client-java/src/test/resources/node_modules/.staging/ws-e71e4163/;package.json;
/home/runner/work/socket.io-client-java/socket.io-client-java/src/test/resources/node_modules/.staging/@types/node-9adcbe09/;dgram.d.ts;
/home/runner/work/socket.io-client-java/socket.io-client-java/src/test/resources/node_modules/.staging/ws-e71e4163/;README.md;
/home/runner/work/socket.io-client-java/socket.io-client-java/src/test/resources/node_modules/.staging/@types/node-9adcbe09/;dns.d.ts;
/home/runner/work/socket.io-client-java/socket.io-client-java/src/test/resources/node_modules/.staging/@types/node-9adcbe09/;domain.d.ts;
/home/runner/work/socket.io-client-java/socket.io-client-java/src/test/resources/node_modules/.staging/@types/node-9adcbe09/;events.d.ts;
/home/runner/work/socket.io-client-java/socket.io-client-java/src/test/resources/node_modules/.staging/socket.io-5163ba59/client-dist/;socket.io.min.js;
/home/runner/work/socket.io-client-java/socket.io-client-java/src/test/resources/node_modules/.staging/@types/node-9adcbe09/fs/;promises.d.ts;
/home/runner/work/socket.io-client-java/socket.io-client-java/src/test/resources/node_modules/.staging/@types/node-9adcbe09/;fs.d.ts;
/home/runner/work/socket.io-client-java/socket.io-client-java/src/test/resources/node_modules/.staging/socket.io-5163ba59/client-dist/;socket.io.msgpack.min.js;
/home/runner/work/socket.io-client-java/socket.io-client-java/src/test/resources/node_modules/.staging/socket.io-5163ba59/dist/;socket.js;
/home/runner/work/socket.io-client-java/socket.io-client-java/src/test/resources/node_modules/.staging/@types/node-9adcbe09/;globals.d.ts;
/home/runner/work/socket.io-client-java/socket.io-client-java/src/test/resources/node_modules/.staging/socket.io-5163ba59/;package.json;
/home/runner/work/socket.io-client-java/socket.io-client-java/src/test/resources/node_modules/.staging/socket.io-5163ba59/client-dist/;socket.io.js.map;
/home/runner/work/socket.io-client-java/socket.io-client-java/src/test/resources/node_modules/.staging/@types/node-9adcbe09/;globals.global.d.ts;
/home/runner/work/socket.io-client-java/socket.io-client-java/src/test/resources/node_modules/.staging/@types/node-9adcbe09/;http.d.ts;
/home/runner/work/socket.io-client-java/socket.io-client-java/src/test/resources/node_modules/.staging/@types/node-9adcbe09/;http2.d.ts;
/home/runner/work/socket.io-client-java/socket.io-client-java/src/test/resources/node_modules/.staging/@types/node-9adcbe09/;https.d.ts;
/home/runner/work/socket.io-client-java/socket.io-client-java/src/test/resources/node_modules/.staging/@types/node-9adcbe09/;index.d.ts;
/home/runner/work/socket.io-client-java/socket.io-client-java/src/test/resources/node_modules/.staging/socket.io-5163ba59/client-dist/;socket.io.min.js.map;
/home/runner/work/socket.io-client-java/socket.io-client-java/src/test/resources/node_modules/.staging/@types/node-9adcbe09/;inspector.d.ts;
/home/runner/work/socket.io-client-java/socket.io-client-java/src/test/resources/node_modules/.staging/@types/node-9adcbe09/;module.d.ts;
/home/runner/work/socket.io-client-java/socket.io-client-java/src/test/resources/node_modules/.staging/@types/node-9adcbe09/;net.d.ts;
/home/runner/work/socket.io-client-java/socket.io-client-java/src/test/resources/node_modules/.staging/@types/node-9adcbe09/;os.d.ts;
/home/runner/work/socket.io-client-java/socket.io-client-java/src/test/resources/node_modules/.staging/@types/node-9adcbe09/;package.json;
/home/runner/work/socket.io-client-java/socket.io-client-java/src/test/resources/node_modules/.staging/@types/node-9adcbe09/;path.d.ts;
/home/runner/work/socket.io-client-java/socket.io-client-java/src/test/resources/node_modules/.staging/socket.io-5163ba59/client-dist/;socket.io.msgpack.min.js.map;
/home/runner/work/socket.io-client-java/socket.io-client-java/src/test/resources/node_modules/.staging/@types/node-9adcbe09/;perf_hooks.d.ts;
/home/runner/work/socket.io-client-java/socket.io-client-java/src/test/resources/node_modules/.staging/@types/node-9adcbe09/;process.d.ts;
/home/runner/work/socket.io-client-java/socket.io-client-java/src/test/resources/node_modules/.staging/@types/node-9adcbe09/;punycode.d.ts;
/home/runner/work/socket.io-client-java/socket.io-client-java/src/test/resources/node_modules/.staging/@types/node-9adcbe09/;querystring.d.ts;
/home/runner/work/socket.io-client-java/socket.io-client-java/src/test/resources/node_modules/.staging/@types/node-9adcbe09/;readline.d.ts;
/home/runner/work/socket.io-client-java/socket.io-client-java/src/test/resources/node_modules/.staging/@types/node-9adcbe09/;repl.d.ts;
/home/runner/work/socket.io-client-java/socket.io-client-java/src/test/resources/node_modules/.staging/socket.io-5163ba59/;CHANGELOG.md;
/home/runner/work/socket.io-client-java/socket.io-client-java/src/test/resources/node_modules/.staging/socket.io-5163ba59/;Readme.md;
/home/runner/work/socket.io-client-java/socket.io-client-java/src/test/resources/node_modules/.staging/@types/node-9adcbe09/;stream.d.ts;
/home/runner/work/socket.io-client-java/socket.io-client-java/src/test/resources/node_modules/.staging/@types/node-9adcbe09/;string_decoder.d.ts;
/home/runner/work/socket.io-client-java/socket.io-client-java/src/test/resources/node_modules/.staging/@types/node-9adcbe09/;timers.d.ts;
/home/runner/work/socket.io-client-java/socket.io-client-java/src/test/resources/node_modules/.staging/socket.io-5163ba59/;wrapper.mjs;
/home/runner/work/socket.io-client-java/socket.io-client-java/src/test/resources/node_modules/.staging/@types/node-9adcbe09/;tls.d.ts;
/home/runner/work/socket.io-client-java/socket.io-client-java/src/test/resources/node_modules/.staging/socket.io-5163ba59/dist/;client.d.ts;
/home/runner/work/socket.io-client-java/socket.io-client-java/src/test/resources/node_modules/.staging/socket.io-5163ba59/dist/;index.d.ts;
/home/runner/work/socket.io-client-java/socket.io-client-java/src/test/resources/node_modules/.staging/socket.io-5163ba59/dist/;namespace.d.ts;
/home/runner/work/socket.io-client-java/socket.io-client-java/src/test/resources/node_modules/.staging/socket.io-5163ba59/dist/;parent-namespace.d.ts;
/home/runner/work/socket.io-client-java/socket.io-client-java/src/test/resources/node_modules/.staging/socket.io-5163ba59/dist/;socket.d.ts;
/home/runner/work/socket.io-client-java/socket.io-client-java/src/test/resources/node_modules/.staging/@types/node-9adcbe09/;trace_events.d.ts;
/home/runner/work/socket.io-client-java/socket.io-client-java/src/test/resources/node_modules/.staging/@types/node-9adcbe09/ts3.4/;assert.d.ts;
/home/runner/work/socket.io-client-java/socket.io-client-java/src/test/resources/node_modules/.staging/@types/node-9adcbe09/ts3.4/;base.d.ts;
/home/runner/work/socket.io-client-java/socket.io-client-java/src/test/resources/node_modules/.staging/@types/node-9adcbe09/ts3.4/;globals.global.d.ts;
/home/runner/work/socket.io-client-java/socket.io-client-java/src/test/resources/node_modules/.staging/@types/node-9adcbe09/ts3.4/;index.d.ts;
/home/runner/work/socket.io-client-java/socket.io-client-java/src/test/resources/node_modules/.staging/@types/node-9adcbe09/ts3.6/;base.d.ts;
/home/runner/work/socket.io-client-java/socket.io-client-java/src/test/resources/node_modules/.staging/@types/node-9adcbe09/ts3.6/;index.d.ts;
/home/runner/work/socket.io-client-java/socket.io-client-java/src/test/resources/node_modules/.staging/@types/node-9adcbe09/;tty.d.ts;
/home/runner/work/socket.io-client-java/socket.io-client-java/src/test/resources/node_modules/.staging/@types/node-9adcbe09/;url.d.ts;
/home/runner/work/socket.io-client-java/socket.io-client-java/src/test/resources/node_modules/.staging/@types/node-9adcbe09/;util.d.ts;
/home/runner/work/socket.io-client-java/socket.io-client-java/src/test/resources/node_modules/.staging/@types/node-9adcbe09/;v8.d.ts;
/home/runner/work/socket.io-client-java/socket.io-client-java/src/test/resources/node_modules/.staging/@types/node-9adcbe09/;vm.d.ts;
/home/runner/work/socket.io-client-java/socket.io-client-java/src/test/resources/node_modules/.staging/@types/node-9adcbe09/;wasi.d.ts;
/home/runner/work/socket.io-client-java/socket.io-client-java/src/test/resources/node_modules/.staging/@types/node-9adcbe09/;worker_threads.d.ts;
/home/runner/work/socket.io-client-java/socket.io-client-java/src/test/resources/node_modules/.staging/@types/node-9adcbe09/;zlib.d.ts;
/home/runner/work/socket.io-client-java/socket.io-client-java/src/test/resources/node_modules/base64-arraybuffer/;package.json.2957238232;
/home/runner/work/socket.io-client-java/socket.io-client-java/src/test/resources/node_modules/base64id/;package.json.3935519526;
/home/runner/work/socket.io-client-java/socket.io-client-java/src/test/resources/node_modules/component-emitter/;package.json.1392767031;
/home/runner/work/socket.io-client-java/socket.io-client-java/src/test/resources/node_modules/cookie/;package.json.2647567143;
/home/runner/work/socket.io-client-java/socket.io-client-java/src/test/resources/node_modules/engine.io-parser/;package.json.3732279075;
/home/runner/work/socket.io-client-java/socket.io-client-java/src/test/resources/node_modules/mime-db/;package.json.3828616072;
/home/runner/work/socket.io-client-java/socket.io-client-java/src/test/resources/node_modules/mime-types/;package.json.1999225739;
/home/runner/work/socket.io-client-java/socket.io-client-java/src/test/resources/node_modules/ms/;package.json.3417815995;
/home/runner/work/socket.io-client-java/socket.io-client-java/src/test/resources/node_modules/debug/;package.json.3140954958;
/home/runner/work/socket.io-client-java/socket.io-client-java/src/test/resources/node_modules/negotiator/;package.json.3877958231;
/home/runner/work/socket.io-client-java/socket.io-client-java/src/test/resources/node_modules/accepts/;package.json.441179816;
/home/runner/work/socket.io-client-java/socket.io-client-java/src/test/resources/node_modules/object-assign/;package.json.3313414292;
/home/runner/work/socket.io-client-java/socket.io-client-java/src/test/resources/node_modules/socket.io-adapter/;package.json.2619005438;
/home/runner/work/socket.io-client-java/socket.io-client-java/src/test/resources/node_modules/socket.io-parser/;package.json.1082418323;
/home/runner/work/socket.io-client-java/socket.io-client-java/src/test/resources/node_modules/vary/;package.json.3346729319;
/home/runner/work/socket.io-client-java/socket.io-client-java/src/test/resources/node_modules/cors/;package.json.4240546379;
/home/runner/work/socket.io-client-java/socket.io-client-java/src/test/resources/node_modules/ws/;package.json.1349882362;
/home/runner/work/socket.io-client-java/socket.io-client-java/src/test/resources/node_modules/engine.io/;package.json.2167082977;
/home/runner/work/socket.io-client-java/socket.io-client-java/src/test/resources/node_modules/socket.io/;package.json.2615321564;
/home/runner/work/socket.io-client-java/socket.io-client-java/src/test/resources/node_modules/@types/component-emitter/;package.json.685871936;
/home/runner/work/socket.io-client-java/socket.io-client-java/src/test/resources/node_modules/@types/cookie/;package.json.1140539289;
/home/runner/work/socket.io-client-java/socket.io-client-java/src/test/resources/node_modules/@types/cors/;package.json.468119009;
/home/runner/work/socket.io-client-java/socket.io-client-java/src/test/resources/node_modules/@types/node/;package.json.1463660620;
/home/runner/work/socket.io-client-java/socket.io-client-java/target/test-classes/io/socket/;Fiddle$1.class;
/home/runner/work/socket.io-client-java/socket.io-client-java/target/test-classes/io/socket/;Fiddle$2.class;
/home/runner/work/socket.io-client-java/socket.io-client-java/target/test-classes/io/socket/;Fiddle$3.class;
/home/runner/work/socket.io-client-java/socket.io-client-java/target/test-classes/io/socket/;Fiddle.class;
/home/runner/work/socket.io-client-java/socket.io-client-java/target/maven-status/maven-compiler-plugin/testCompile/default-testCompile/;createdFiles.lst;
/home/runner/work/socket.io-client-java/socket.io-client-java/target/maven-status/maven-compiler-plugin/testCompile/default-testCompile/;inputFiles.lst;
/home/runner/work/socket.io-client-java/socket.io-client-java/target/;test.log.lck;
/home/runner/work/socket.io-client-java/socket.io-client-java/target/;test.log;
/home/runner/work/socket.io-client-java/socket.io-client-java/target/surefire-reports/;TEST-io.socket.client.ServerConnectionNamespaceTest.xml;
/home/runner/work/socket.io-client-java/socket.io-client-java/target/surefire-reports/;io.socket.client.SocketTest.txt;
/home/runner/work/socket.io-client-java/socket.io-client-java/target/surefire-reports/;TEST-io.socket.client.SocketTest.xml;
/home/runner/work/socket.io-client-java/socket.io-client-java/target/surefire-reports/;io.socket.client.ServerConnectionTest.txt;
/home/runner/work/socket.io-client-java/socket.io-client-java/target/surefire-reports/;TEST-io.socket.client.ServerConnectionTest.xml;
/home/runner/work/socket.io-client-java/socket.io-client-java/target/surefire-reports/;io.socket.client.ExecutionTest.txt;
/home/runner/work/socket.io-client-java/socket.io-client-java/target/surefire-reports/;TEST-io.socket.client.ExecutionTest.xml;
/home/runner/work/socket.io-client-java/socket.io-client-java/target/surefire-reports/;io.socket.client.UrlTest.txt;
/home/runner/work/socket.io-client-java/socket.io-client-java/target/surefire-reports/;TEST-io.socket.client.UrlTest.xml;
/home/runner/work/socket.io-client-java/socket.io-client-java/target/surefire-reports/;io.socket.client.ConnectionTest.txt;
/home/runner/work/socket.io-client-java/socket.io-client-java/target/surefire-reports/;TEST-io.socket.client.ConnectionTest.xml;
/home/runner/work/socket.io-client-java/socket.io-client-java/target/surefire-reports/;io.socket.client.SSLConnectionTest.txt;
/home/runner/work/socket.io-client-java/socket.io-client-java/target/surefire-reports/;TEST-io.socket.client.SSLConnectionTest.xml;
/home/runner/work/socket.io-client-java/socket.io-client-java/target/surefire-reports/;io.socket.parser.ParserTest.txt;
/home/runner/work/socket.io-client-java/socket.io-client-java/target/surefire-reports/;TEST-io.socket.parser.ParserTest.xml;
/home/runner/work/socket.io-client-java/socket.io-client-java/target/surefire-reports/;io.socket.parser.ByteArrayTest.txt;
/home/runner/work/socket.io-client-java/socket.io-client-java/target/surefire-reports/;TEST-io.socket.parser.ByteArrayTest.xml;
/home/runner/work/socket.io-client-java/socket.io-client-java/target/surefire-reports/;io.socket.hasbinary.HasBinaryTest.txt;
/home/runner/work/socket.io-client-java/socket.io-client-java/target/surefire-reports/;TEST-io.socket.hasbinary.HasBinaryTest.xml;
/home/runner/work/socket.io-client-java/socket.io-client-java/target/surefire-reports/;io.socket.backo.BackoffTest.txt;
/home/runner/work/socket.io-client-java/socket.io-client-java/target/surefire-reports/;TEST-io.socket.backo.BackoffTest.xml;
/home/runner/work/socket.io-client-java/socket.io-client-java/target/;socket.io-client-2.1.1-SNAPSHOT.jar;
/home/runner/work/socket.io-client-java/socket.io-client-java/target/;socket.io-client-2.1.1-SNAPSHOT-sources.jar;
/home/runner/work/socket.io-client-java/socket.io-client-java/target/javadoc-bundle-options/;javadoc-options-javadoc-resources.xml;
/home/runner/work/socket.io-client-java/socket.io-client-java/target/;socket.io-client-2.1.1-SNAPSHOT-javadoc.jar;
/home/runner/work/socket.io-client-java/socket.io-client-java/optimizing-ci-builds-ci-analysis/step-details/uses-checkout/;c.csv;
/home/runner/work/socket.io-client-java/socket.io-client-java/optimizing-ci-builds-ci-analysis/step-details/uses-checkout/;m.csv;
/home/runner/work/socket.io-client-java/socket.io-client-java/optimizing-ci-builds-ci-analysis/step-details/uses-checkout/;cm__a.csv;
/home/runner/work/socket.io-client-java/socket.io-client-java/optimizing-ci-builds-ci-analysis/step-details/uses-checkout/;_cm__a.csv;
/home/runner/work/socket.io-client-java/socket.io-client-java/optimizing-ci-builds-ci-analysis/step-details/uses-checkout/;_c_m__a.csv;
/home/runner/work/socket.io-client-java/socket.io-client-java/optimizing-ci-builds-ci-analysis/step-details/Setupjava/;_c_m__a.csv;
/home/runner/work/socket.io-client-java/socket.io-client-java/optimizing-ci-builds-ci-analysis/step-details/CacheMavenpackages/;_c_m__a.csv;
/home/runner/work/socket.io-client-java/socket.io-client-java/optimizing-ci-builds-ci-analysis/step-details/SetupNodejs/;_c_m__a.csv;
/home/runner/work/socket.io-client-java/socket.io-client-java/optimizing-ci-builds-ci-analysis/step-details/RuntheMavenverifyphase/;c.csv;
/home/runner/work/socket.io-client-java/socket.io-client-java/optimizing-ci-builds-ci-analysis/step-details/RuntheMavenverifyphase/;m.csv;
/home/runner/work/socket.io-client-java/socket.io-client-java/optimizing-ci-builds-ci-analysis/step-details/RuntheMavenverifyphase/;cm__a.csv;
/home/runner/work/socket.io-client-java/socket.io-client-java/optimizing-ci-builds-ci-analysis/step-details/RuntheMavenverifyphase/;_cm__a.csv;
/home/runner/work/socket.io-client-java/socket.io-client-java/optimizing-ci-builds-ci-analysis/step-details/RuntheMavenverifyphase/;_c_m__a.csv;
/home/runner/work/socket.io-client-java/socket.io-client-java/optimizing-ci-builds-ci-analysis/;steps.csv;
/home/runner/work/socket.io-client-java/socket.io-client-java/optimizing-ci-builds-ci-analysis/;useful.csv;
/home/runner/work/socket.io-client-java/socket.io-client-java/optimizing-ci-builds-ci-analysis/;directories.txt;
/home/runner/work/socket.io-client-java/socket.io-client-java/optimizing-ci-builds-ci-analysis/;inotify-logs.csv;
